<?xml version="1.0"?>
<doc>
    <assembly>
        <name>EventStore.TestClient</name>
    </assembly>
    <members>
        <member name="T:EventStore.TestClient.ClientApiTcpTestClient">
            <summary>
            A test client that connects using the legacy dotnet TCP client
            </summary>
        </member>
        <member name="P:EventStore.TestClient.ClientApiTcpTestClient.Options">
            <summary>
            The options specified when starting the EventStore.TestClient
            </summary>
        </member>
        <member name="M:EventStore.TestClient.ClientApiTcpTestClient.#ctor(EventStore.TestClient.ClientOptions,Serilog.ILogger)">
            <summary>
            Constructs a new <see cref="T:EventStore.TestClient.ClientApiTcpTestClient"/>
            </summary>
            <param name="options"></param>
            <param name="log"></param>
        </member>
        <member name="M:EventStore.TestClient.ClientApiTcpTestClient.CreateConnection">
            <summary>
            Creates a new TCP connection.
            </summary>
            <returns></returns>
        </member>
        <member name="T:EventStore.TestClient.ClientOptions">
            <summary>
            Data contract for the command-line options accepted by test client.
            This contract is handled by CommandLine project for .NET
            </summary>
        </member>
        <member name="P:EventStore.TestClient.ClientOptions.Help">
            <summary>
            Print Help information for EventStore.TestClient.
            </summary>
        </member>
        <member name="P:EventStore.TestClient.ClientOptions.Version">
            <summary>
            Print the EventStore.TestClient version.
            </summary>
        </member>
        <member name="P:EventStore.TestClient.ClientOptions.Log">
            <summary>
            Path where to keep log files.
            </summary>
        </member>
        <member name="P:EventStore.TestClient.ClientOptions.LogConfig">
            <summary>
            The name of the log config file.
            </summary>	
        </member>
        <member name="P:EventStore.TestClient.ClientOptions.Config">
            <summary>
            Path to the config file.
            </summary>
        </member>
        <member name="P:EventStore.TestClient.ClientOptions.WhatIf">
            <summary>
            Print out the effective configuration without running a command.
            </summary>
        </member>
        <member name="P:EventStore.TestClient.ClientOptions.Host">
            <summary>
            The host of the EventStore node.
            </summary>
        </member>
        <member name="P:EventStore.TestClient.ClientOptions.TcpPort">
            <summary>
            The TCP port of the EventStore node.
            </summary>
        </member>
        <member name="P:EventStore.TestClient.ClientOptions.HttpPort">
            <summary>
            The HTTP port of the EventStore node.
            </summary>
        </member>
        <member name="P:EventStore.TestClient.ClientOptions.Timeout">
            <summary>
            The timeout for operations.
            </summary>
        </member>
        <member name="P:EventStore.TestClient.ClientOptions.ReadWindow">
            <summary>
            The read window for raw TCP.
            </summary>
        </member>
        <member name="P:EventStore.TestClient.ClientOptions.WriteWindow">
            <summary>
            The write window for raw TCP.
            </summary>
        </member>
        <member name="P:EventStore.TestClient.ClientOptions.PingWindow">
            <summary>
            The ping window for raw TCP.
            </summary>
        </member>
        <member name="P:EventStore.TestClient.ClientOptions.Command">
            <summary>
            The command to run.
            </summary>
        </member>
        <member name="P:EventStore.TestClient.ClientOptions.Reconnect">
            <summary>
            Whether to reconnect on connection drop.
            </summary>
        </member>
        <member name="P:EventStore.TestClient.ClientOptions.UseTls">
            <summary>
            Whether to use TLS.
            </summary>
        </member>
        <member name="P:EventStore.TestClient.ClientOptions.TlsValidateServer">
            <summary>
            Whether to validate the server certificates.
            </summary>
        </member>
        <member name="P:EventStore.TestClient.ClientOptions.ConnectionString">
            <summary>
            A connection string to connect to a node/cluster. Used by gRPC only.
            </summary>
        </member>
        <member name="M:EventStore.TestClient.ClientOptions.#ctor">
            <summary>
            Construct a new <see cref="T:EventStore.TestClient.ClientOptions"/>
            </summary>
        </member>
        <member name="T:EventStore.TestClient.CommandProcessorContext">
            <summary>
            This context is passed to the instances of <see cref="T:EventStore.TestClient.ICmdProcessor"/>
            when they are executed. It can also be used for async synchronization
            </summary>
        </member>
        <member name="T:EventStore.TestClient.GrpcTestClient">
            <summary>
            A test client that connects using the dotnet gRPC client
            </summary>
        </member>
        <member name="M:EventStore.TestClient.GrpcTestClient.#ctor(EventStore.TestClient.ClientOptions,Serilog.ILogger)">
            <summary>
            Constructs a new <see cref="T:EventStore.TestClient.GrpcTestClient"/>
            </summary>
            <param name="options"></param>
            <param name="log"></param>
        </member>
        <member name="M:EventStore.TestClient.GrpcTestClient.CreateGrpcClient">
            <summary>
            Creates a new gRPC client
            </summary>
            <returns></returns>
        </member>
        <member name="T:EventStore.TestClient.ICmdProcessor">
            <summary>
            Standalone command executable within the test client
            </summary>
        </member>
        <member name="P:EventStore.TestClient.ICmdProcessor.Keyword">
            <summary>
            Keyword associated with this command (to start it)
            </summary>
        </member>
        <member name="P:EventStore.TestClient.ICmdProcessor.Usage">
            <summary>
            Short usage string with optional and required parameters
            </summary>
        </member>
        <member name="M:EventStore.TestClient.PerfUtils.LogTeamCityGraphData(System.String,System.Int64)">
            <summary>
            Prints key-value point to the log in a way that TeamCity build server
            would be able to capture and then plot on build statistics page,
            tracking performance across multiple builds (need server-side config per project).
            </summary>
        </member>
        <member name="T:EventStore.TestClient.TcpTestClient">
            <summary>
            A test client that connects over Raw TCP connections
            </summary>
        </member>
        <member name="F:EventStore.TestClient.TcpTestClient.TcpEndpoint">
            <summary>
            The TCP EndPoint of the Event Store node
            </summary>
        </member>
        <member name="F:EventStore.TestClient.TcpTestClient.Options">
            <summary>
            The Client Options used to start EventStore.TestClient
            </summary>
        </member>
        <member name="M:EventStore.TestClient.TcpTestClient.#ctor(EventStore.TestClient.ClientOptions,System.Boolean,Serilog.ILogger)">
            <summary>
            Constructs a new <see cref="T:EventStore.TestClient.TcpTestClient"/>
            </summary>
            <param name="options"></param>
            <param name="interactiveMode"></param>
            <param name="log"></param>
        </member>
        <member name="M:EventStore.TestClient.TcpTestClient.CreateTcpConnection(EventStore.TestClient.CommandProcessorContext,System.Action{EventStore.Transport.Tcp.TcpTypedConnection{System.Byte[]},EventStore.Core.Services.Transport.Tcp.TcpPackage},System.Action{EventStore.Transport.Tcp.TcpTypedConnection{System.Byte[]}},System.Action{EventStore.Transport.Tcp.TcpTypedConnection{System.Byte[]},System.Net.Sockets.SocketError},System.Boolean,System.Net.IPEndPoint)">
            <summary>
            Creates a new raw TCP connection
            </summary>
            <param name="context"></param>
            <param name="handlePackage"></param>
            <param name="connectionEstablished"></param>
            <param name="connectionClosed"></param>
            <param name="failContextOnError"></param>
            <param name="tcpEndPoint"></param>
            <returns></returns>
            <exception cref="T:System.Exception"></exception>
        </member>
    </members>
</doc>
