<?xml version="1.0"?>
<doc>
    <assembly>
        <name>EventStore.TestClient</name>
    </assembly>
    <members>
        <member name="T:EventStore.TestClient.ClientApiTcpTestClient">
            <summary>
            A test client that connects using the legacy dotnet TCP client
            </summary>
        </member>
        <member name="P:EventStore.TestClient.ClientApiTcpTestClient.Options">
            <summary>
            The options specified when starting the EventStore.TestClient
            </summary>
        </member>
        <member name="M:EventStore.TestClient.ClientApiTcpTestClient.#ctor(EventStore.TestClient.ClientOptions,Serilog.ILogger)">
            <summary>
            Constructs a new <see cref="T:EventStore.TestClient.ClientApiTcpTestClient"/>
            </summary>
            <param name="options"></param>
            <param name="log"></param>
        </member>
        <member name="M:EventStore.TestClient.ClientApiTcpTestClient.CreateConnection">
            <summary>
            Creates a new TCP connection.
            </summary>
            <returns></returns>
        </member>
        <member name="T:EventStore.TestClient.ClientOptions">
            <summary>
            Data contract for the command-line options accepted by test client.
            This contract is handled by CommandLine project for .NET
            </summary>
        </member>
        <member name="T:EventStore.TestClient.CommandProcessorContext">
            <summary>
            This context is passed to the instances of <see cref="T:EventStore.TestClient.ICmdProcessor"/>
            when they are executed. It can also be used for async synchronization
            </summary>
        </member>
        <member name="F:EventStore.TestClient.CommandProcessorContext.Log">
            <summary>
            Current logger of the test client
            </summary>
        </member>
        <member name="F:EventStore.TestClient.CommandProcessorContext.StatsLogger">
            <summary>
            Stats logger for the test client
            </summary>
        </member>
        <member name="F:EventStore.TestClient.CommandProcessorContext.OutputCsv">
            <summary>
            Whether stats should be CSV or Json
            </summary>
        </member>
        <member name="T:EventStore.TestClient.GrpcTestClient">
            <summary>
            A test client that connects using the dotnet gRPC client
            </summary>
        </member>
        <member name="M:EventStore.TestClient.GrpcTestClient.#ctor(EventStore.TestClient.ClientOptions,Serilog.ILogger)">
            <summary>
            Constructs a new <see cref="T:EventStore.TestClient.GrpcTestClient"/>
            </summary>
            <param name="options"></param>
            <param name="log"></param>
        </member>
        <member name="M:EventStore.TestClient.GrpcTestClient.CreateGrpcClient">
            <summary>
            Creates a new gRPC client
            </summary>
            <returns></returns>
        </member>
        <member name="T:EventStore.TestClient.ICmdProcessor">
            <summary>
            Standalone command executable within the test client
            </summary>
        </member>
        <member name="P:EventStore.TestClient.ICmdProcessor.Keyword">
            <summary>
            Keyword associated with this command (to start it)
            </summary>
        </member>
        <member name="P:EventStore.TestClient.ICmdProcessor.Usage">
            <summary>
            Short usage string with optional and required parameters
            </summary>
        </member>
        <member name="M:EventStore.TestClient.PerfUtils.LogTeamCityGraphData(System.String,System.Int64)">
            <summary>
            Prints key-value point to the log in a way that TeamCity build server
            would be able to capture and then plot on build statistics page,
            tracking performance across multiple builds (need server-side config per project).
            </summary>
        </member>
        <member name="M:EventStore.TestClient.Program.Main(System.Boolean,System.IO.FileInfo,System.Boolean,System.String[],System.String,System.Int32,System.Int32,System.Int32,System.Int32,System.Int32,System.Int32,System.Boolean,System.Boolean,System.Boolean,System.String,EventStore.TestClient.StatsFormat)">
             <summary>
            
             </summary>
             <param name="version">Show version.</param>
             <param name="log">Path where to keep log files.</param>
             <param name="whatIf">Print effective configuration to console and then exit.</param>
             <param name="command"></param>
             <param name="host">The host to bind to.</param>
             <param name="tcpPort">The port to run the TCP server on.</param>
             <param name="httpPort">The port to run the HTTP server on.</param>
             <param name="timeout"></param>
             <param name="readWindow"></param>
             <param name="writeWindow"></param>
             <param name="pingWindow"></param>
             <param name="reconnect"></param>
             <param name="useTls"></param>
             <param name="tlsValidateServer"></param>
             <param name="connectionString">The connection string to use when connecting to the server. Not used by the raw TCP client</param>
             <param name="statsFormat">The format for the stats log.</param>
             <returns></returns>
        </member>
        <member name="T:EventStore.TestClient.Statistics.TestClientCsvLoggerConfiguration">
            <summary>
            Csv logger configuration for the TestClient
            </summary>
        </member>
        <member name="M:EventStore.TestClient.Statistics.TestClientCsvLoggerConfiguration.Initialize(System.String,System.String)">
            <summary>
            Initialize the csv logger
            </summary>
            <param name="logsDirectory"></param>
            <param name="componentName"></param>
        </member>
        <member name="T:EventStore.TestClient.Statistics.WriteFloodStats">
            <summary>
            Statistics for WriteFlood
            </summary>
        </member>
        <member name="F:EventStore.TestClient.Statistics.WriteFloodStats.Succ">
            <summary>
            The number of successful writes
            </summary>
        </member>
        <member name="F:EventStore.TestClient.Statistics.WriteFloodStats.Fail">
            <summary>
            The number of failing writes
            </summary>
        </member>
        <member name="F:EventStore.TestClient.Statistics.WriteFloodStats.PrepTimeout">
            <summary>
            The number of writes that failed with PrepareTimeout
            </summary>
        </member>
        <member name="F:EventStore.TestClient.Statistics.WriteFloodStats.CommitTimeout">
            <summary>
            The number of writes that failed with CommitTimeout
            </summary>
        </member>
        <member name="F:EventStore.TestClient.Statistics.WriteFloodStats.ForwardTimeout">
            <summary>
            The number of writes that failed with ForwardTimeout
            </summary>
        </member>
        <member name="F:EventStore.TestClient.Statistics.WriteFloodStats.WrongExpVersion">
            <summary>
            The number of writes that failed with WrongExpectedVersion
            </summary>
        </member>
        <member name="F:EventStore.TestClient.Statistics.WriteFloodStats.StreamDeleted">
            <summary>
            The number of writes that failed with StreamDeleted
            </summary>
        </member>
        <member name="F:EventStore.TestClient.Statistics.WriteFloodStats.All">
            <summary>
            The total number of completed writes
            </summary>
        </member>
        <member name="F:EventStore.TestClient.Statistics.WriteFloodStats.Elapsed">
            <summary>
            The amount of time that has elapsed since the last measurement
            </summary>
        </member>
        <member name="F:EventStore.TestClient.Statistics.WriteFloodStats.StartTime">
            <summary>
            The time in UTC that the command was started
            </summary>
        </member>
        <member name="F:EventStore.TestClient.Statistics.WriteFloodStats.Command">
            <summary>
            The command that was run
            </summary>
        </member>
        <member name="F:EventStore.TestClient.Statistics.WriteFloodStats.Rate">
            <summary>
            The current write rate
            </summary>
        </member>
        <member name="F:EventStore.TestClient.Statistics.WriteFloodStats.CommandString">
            <summary>
            The command and arguments used to run this command
            </summary>
        </member>
        <member name="M:EventStore.TestClient.Statistics.WriteFloodStats.#ctor(System.String,System.Boolean,System.String[])">
            <summary>
            </summary>
            <param name="command"></param>
            <param name="csv"></param>
            <param name="args"></param>
        </member>
        <member name="M:EventStore.TestClient.Statistics.WriteFloodStats.WriteStatsToFile(Serilog.ILogger)">
            <summary>
            Write the current round of stats to the log
            </summary>
            <param name="log">The logger to write to</param>
        </member>
        <member name="T:EventStore.TestClient.TcpTestClient">
            <summary>
            A test client that connects over Raw TCP connections
            </summary>
        </member>
        <member name="F:EventStore.TestClient.TcpTestClient.TcpEndpoint">
            <summary>
            The TCP EndPoint of the Event Store node
            </summary>
        </member>
        <member name="F:EventStore.TestClient.TcpTestClient.Options">
            <summary>
            The Client Options used to start EventStore.TestClient
            </summary>
        </member>
        <member name="M:EventStore.TestClient.TcpTestClient.#ctor(EventStore.TestClient.ClientOptions,System.Boolean,Serilog.ILogger)">
            <summary>
            Constructs a new <see cref="T:EventStore.TestClient.TcpTestClient"/>
            </summary>
            <param name="options"></param>
            <param name="interactiveMode"></param>
            <param name="log"></param>
        </member>
        <member name="M:EventStore.TestClient.TcpTestClient.CreateTcpConnection(EventStore.TestClient.CommandProcessorContext,System.Action{EventStore.Transport.Tcp.TcpTypedConnection{System.Byte[]},EventStore.Core.Services.Transport.Tcp.TcpPackage},System.Action{EventStore.Transport.Tcp.TcpTypedConnection{System.Byte[]}},System.Action{EventStore.Transport.Tcp.TcpTypedConnection{System.Byte[]},System.Net.Sockets.SocketError},System.Boolean,System.Net.IPEndPoint)">
            <summary>
            Creates a new raw TCP connection
            </summary>
            <param name="context"></param>
            <param name="handlePackage"></param>
            <param name="connectionEstablished"></param>
            <param name="connectionClosed"></param>
            <param name="failContextOnError"></param>
            <param name="tcpEndPoint"></param>
            <returns></returns>
            <exception cref="T:System.Exception"></exception>
        </member>
    </members>
</doc>
